Ad Group,Keyword,Campaign,Criterion Type
sofas,sofas buy,SEM_Sofas,Exact
sofas,buy sofas,SEM_Sofas,Exact
sofas,sofas cheap,SEM_Sofas,Exact
sofas,cheap sofas,SEM_Sofas,Exact
sofas,sofas discount,SEM_Sofas,Exact
sofas,discount sofas,SEM_Sofas,Exact
sofas,sofas best price,SEM_Sofas,Exact
sofas,best price sofas,SEM_Sofas,Exact
sofas,sofas offer,SEM_Sofas,Exact
sofas,offer sofas,SEM_Sofas,Exact
sofas,sofas low price,SEM_Sofas,Exact
sofas,low price sofas,SEM_Sofas,Exact
sofas,sofas low cost,SEM_Sofas,Exact
sofas,low cost sofas,SEM_Sofas,Exact
sofas,sofas affordable,SEM_Sofas,Exact
sofas,affordable sofas,SEM_Sofas,Exact
sofas,sofas bargain,SEM_Sofas,Exact
sofas,bargain sofas,SEM_Sofas,Exact
convertible sofas,convertible sofas buy,SEM_Sofas,Exact
convertible sofas,buy convertible sofas,SEM_Sofas,Exact
convertible sofas,convertible sofas cheap,SEM_Sofas,Exact
convertible sofas,cheap convertible sofas,SEM_Sofas,Exact
convertible sofas,convertible sofas discount,SEM_Sofas,Exact
convertible sofas,discount convertible sofas,SEM_Sofas,Exact
convertible sofas,convertible sofas best price,SEM_Sofas,Exact
convertible sofas,best price convertible sofas,SEM_Sofas,Exact
convertible sofas,convertible sofas offer,SEM_Sofas,Exact
convertible sofas,offer convertible sofas,SEM_Sofas,Exact
convertible sofas,convertible sofas low price,SEM_Sofas,Exact
convertible sofas,low price convertible sofas,SEM_Sofas,Exact
convertible sofas,convertible sofas low cost,SEM_Sofas,Exact
convertible sofas,low cost convertible sofas,SEM_Sofas,Exact
convertible sofas,convertible sofas affordable,SEM_Sofas,Exact
convertible sofas,affordable convertible sofas,SEM_Sofas,Exact
convertible sofas,convertible sofas bargain,SEM_Sofas,Exact
convertible sofas,bargain convertible sofas,SEM_Sofas,Exact
love seats,love seats buy,SEM_Sofas,Exact
love seats,buy love seats,SEM_Sofas,Exact
love seats,love seats cheap,SEM_Sofas,Exact
love seats,cheap love seats,SEM_Sofas,Exact
love seats,love seats discount,SEM_Sofas,Exact
love seats,discount love seats,SEM_Sofas,Exact
love seats,love seats best price,SEM_Sofas,Exact
love seats,best price love seats,SEM_Sofas,Exact
love seats,love seats offer,SEM_Sofas,Exact
love seats,offer love seats,SEM_Sofas,Exact
love seats,love seats low price,SEM_Sofas,Exact
love seats,low price love seats,SEM_Sofas,Exact
love seats,love seats low cost,SEM_Sofas,Exact
love seats,low cost love seats,SEM_Sofas,Exact
love seats,love seats affordable,SEM_Sofas,Exact
love seats,affordable love seats,SEM_Sofas,Exact
love seats,love seats bargain,SEM_Sofas,Exact
love seats,bargain love seats,SEM_Sofas,Exact
recliners,recliners buy,SEM_Sofas,Exact
recliners,buy recliners,SEM_Sofas,Exact
recliners,recliners cheap,SEM_Sofas,Exact
recliners,cheap recliners,SEM_Sofas,Exact
recliners,recliners discount,SEM_Sofas,Exact
recliners,discount recliners,SEM_Sofas,Exact
recliners,recliners best price,SEM_Sofas,Exact
recliners,best price recliners,SEM_Sofas,Exact
recliners,recliners offer,SEM_Sofas,Exact
recliners,offer recliners,SEM_Sofas,Exact
recliners,recliners low price,SEM_Sofas,Exact
recliners,low price recliners,SEM_Sofas,Exact
recliners,recliners low cost,SEM_Sofas,Exact
recliners,low cost recliners,SEM_Sofas,Exact
recliners,recliners affordable,SEM_Sofas,Exact
recliners,affordable recliners,SEM_Sofas,Exact
recliners,recliners bargain,SEM_Sofas,Exact
recliners,bargain recliners,SEM_Sofas,Exact
sofa beds,sofa beds buy,SEM_Sofas,Exact
sofa beds,buy sofa beds,SEM_Sofas,Exact
sofa beds,sofa beds cheap,SEM_Sofas,Exact
sofa beds,cheap sofa beds,SEM_Sofas,Exact
sofa beds,sofa beds discount,SEM_Sofas,Exact
sofa beds,discount sofa beds,SEM_Sofas,Exact
sofa beds,sofa beds best price,SEM_Sofas,Exact
sofa beds,best price sofa beds,SEM_Sofas,Exact
sofa beds,sofa beds offer,SEM_Sofas,Exact
sofa beds,offer sofa beds,SEM_Sofas,Exact
sofa beds,sofa beds low price,SEM_Sofas,Exact
sofa beds,low price sofa beds,SEM_Sofas,Exact
sofa beds,sofa beds low cost,SEM_Sofas,Exact
sofa beds,low cost sofa beds,SEM_Sofas,Exact
sofa beds,sofa beds affordable,SEM_Sofas,Exact
sofa beds,affordable sofa beds,SEM_Sofas,Exact
sofa beds,sofa beds bargain,SEM_Sofas,Exact
sofa beds,bargain sofa beds,SEM_Sofas,Exact
sofas,sofas buy,SEM_Sofas,Phrase
sofas,buy sofas,SEM_Sofas,Phrase
sofas,sofas cheap,SEM_Sofas,Phrase
sofas,cheap sofas,SEM_Sofas,Phrase
sofas,sofas discount,SEM_Sofas,Phrase
sofas,discount sofas,SEM_Sofas,Phrase
sofas,sofas best price,SEM_Sofas,Phrase
sofas,best price sofas,SEM_Sofas,Phrase
sofas,sofas offer,SEM_Sofas,Phrase
sofas,offer sofas,SEM_Sofas,Phrase
sofas,sofas low price,SEM_Sofas,Phrase
sofas,low price sofas,SEM_Sofas,Phrase
sofas,sofas low cost,SEM_Sofas,Phrase
sofas,low cost sofas,SEM_Sofas,Phrase
sofas,sofas affordable,SEM_Sofas,Phrase
sofas,affordable sofas,SEM_Sofas,Phrase
sofas,sofas bargain,SEM_Sofas,Phrase
sofas,bargain sofas,SEM_Sofas,Phrase
convertible sofas,convertible sofas buy,SEM_Sofas,Phrase
convertible sofas,buy convertible sofas,SEM_Sofas,Phrase
convertible sofas,convertible sofas cheap,SEM_Sofas,Phrase
convertible sofas,cheap convertible sofas,SEM_Sofas,Phrase
convertible sofas,convertible sofas discount,SEM_Sofas,Phrase
convertible sofas,discount convertible sofas,SEM_Sofas,Phrase
convertible sofas,convertible sofas best price,SEM_Sofas,Phrase
convertible sofas,best price convertible sofas,SEM_Sofas,Phrase
convertible sofas,convertible sofas offer,SEM_Sofas,Phrase
convertible sofas,offer convertible sofas,SEM_Sofas,Phrase
convertible sofas,convertible sofas low price,SEM_Sofas,Phrase
convertible sofas,low price convertible sofas,SEM_Sofas,Phrase
convertible sofas,convertible sofas low cost,SEM_Sofas,Phrase
convertible sofas,low cost convertible sofas,SEM_Sofas,Phrase
convertible sofas,convertible sofas affordable,SEM_Sofas,Phrase
convertible sofas,affordable convertible sofas,SEM_Sofas,Phrase
convertible sofas,convertible sofas bargain,SEM_Sofas,Phrase
convertible sofas,bargain convertible sofas,SEM_Sofas,Phrase
love seats,love seats buy,SEM_Sofas,Phrase
love seats,buy love seats,SEM_Sofas,Phrase
love seats,love seats cheap,SEM_Sofas,Phrase
love seats,cheap love seats,SEM_Sofas,Phrase
love seats,love seats discount,SEM_Sofas,Phrase
love seats,discount love seats,SEM_Sofas,Phrase
love seats,love seats best price,SEM_Sofas,Phrase
love seats,best price love seats,SEM_Sofas,Phrase
love seats,love seats offer,SEM_Sofas,Phrase
love seats,offer love seats,SEM_Sofas,Phrase
love seats,love seats low price,SEM_Sofas,Phrase
love seats,low price love seats,SEM_Sofas,Phrase
love seats,love seats low cost,SEM_Sofas,Phrase
love seats,low cost love seats,SEM_Sofas,Phrase
love seats,love seats affordable,SEM_Sofas,Phrase
love seats,affordable love seats,SEM_Sofas,Phrase
love seats,love seats bargain,SEM_Sofas,Phrase
love seats,bargain love seats,SEM_Sofas,Phrase
recliners,recliners buy,SEM_Sofas,Phrase
recliners,buy recliners,SEM_Sofas,Phrase
recliners,recliners cheap,SEM_Sofas,Phrase
recliners,cheap recliners,SEM_Sofas,Phrase
recliners,recliners discount,SEM_Sofas,Phrase
recliners,discount recliners,SEM_Sofas,Phrase
recliners,recliners best price,SEM_Sofas,Phrase
recliners,best price recliners,SEM_Sofas,Phrase
recliners,recliners offer,SEM_Sofas,Phrase
recliners,offer recliners,SEM_Sofas,Phrase
recliners,recliners low price,SEM_Sofas,Phrase
recliners,low price recliners,SEM_Sofas,Phrase
recliners,recliners low cost,SEM_Sofas,Phrase
recliners,low cost recliners,SEM_Sofas,Phrase
recliners,recliners affordable,SEM_Sofas,Phrase
recliners,affordable recliners,SEM_Sofas,Phrase
recliners,recliners bargain,SEM_Sofas,Phrase
recliners,bargain recliners,SEM_Sofas,Phrase
sofa beds,sofa beds buy,SEM_Sofas,Phrase
sofa beds,buy sofa beds,SEM_Sofas,Phrase
sofa beds,sofa beds cheap,SEM_Sofas,Phrase
sofa beds,cheap sofa beds,SEM_Sofas,Phrase
sofa beds,sofa beds discount,SEM_Sofas,Phrase
sofa beds,discount sofa beds,SEM_Sofas,Phrase
sofa beds,sofa beds best price,SEM_Sofas,Phrase
sofa beds,best price sofa beds,SEM_Sofas,Phrase
sofa beds,sofa beds offer,SEM_Sofas,Phrase
sofa beds,offer sofa beds,SEM_Sofas,Phrase
sofa beds,sofa beds low price,SEM_Sofas,Phrase
sofa beds,low price sofa beds,SEM_Sofas,Phrase
sofa beds,sofa beds low cost,SEM_Sofas,Phrase
sofa beds,low cost sofa beds,SEM_Sofas,Phrase
sofa beds,sofa beds affordable,SEM_Sofas,Phrase
sofa beds,affordable sofa beds,SEM_Sofas,Phrase
sofa beds,sofa beds bargain,SEM_Sofas,Phrase
sofa beds,bargain sofa beds,SEM_Sofas,Phrase
